{"fasttext_L1 Log Reg": {"accuracy": 0.8881987007998713, "auprc": 0.8374308901638731, "precision": 0.8823560872109335, "recall": 0.8872300590871909, "f1": 0.8847747419450087, "auroc": 0.8881670413627815}, "fasttext_L2 Log Reg": {"accuracy": 0.8889215430392579, "auprc": 0.8379546999598352, "precision": 0.8819563820595914, "recall": 0.889454400672334, "f1": 0.8856757505974271, "auroc": 0.8889336648047218}}