{"glove_L1 Log Reg": {"accuracy": 0.851579001466885, "auprc": 0.7913746371605235, "precision": 0.8477815915811713, "recall": 0.8449724392182716, "f1": 0.8463564671262631, "auroc": 0.8513735090204915}, "glove_L2 Log Reg": {"accuracy": 0.8512853131550827, "auprc": 0.7909872002247837, "precision": 0.8474002692510672, "recall": 0.8447895206166569, "f1": 0.8460744205062442, "auroc": 0.8510830706627284}, "glove_KNN-3": {"accuracy": 0.857904678710754, "auprc": 0.8184138809341359, "precision": 0.9114927539833086, "recall": 0.782327747862976, "f1": 0.8419533894023704, "auroc": 0.8555515145576349}, "glove_KNN-5": {"accuracy": 0.8598248271324416, "auprc": 0.8227999323953885, "precision": 0.9189478052760865, "recall": 0.7790111658119974, "f1": 0.8431875276032302, "auroc": 0.8573224448080137}, "glove_KNN-10": {"accuracy": 0.8418651680507537, "auprc": 0.8099739322450453, "precision": 0.9341767245543044, "recall": 0.7241708976176742, "f1": 0.8158588215627546, "auroc": 0.8381931635237867}, "glove_Linear SVM": {"accuracy": 0.8517597260617104, "auprc": 0.7914268245203362, "precision": 0.8473618284920106, "recall": 0.8460608598711943, "f1": 0.8466931050085259, "auroc": 0.8515834591024074}, "glove_RBF SVM": {"accuracy": 0.8953822878158724, "auprc": 0.8475036346709246, "precision": 0.8910378081766993, "recall": 0.8930365069947429, "f1": 0.8920120162987372, "auroc": 0.8953251508129842}, "glove_MLP": {"accuracy": 0.9073102590795852, "auprc": 0.865833176392699, "precision": 0.9091320665755381, "recall": 0.898180195660492, "f1": 0.9035966508105883, "auroc": 0.9070515078585029}, "glove_Naive Bayes": {"accuracy": 0.8169700399644746, "auprc": 0.754869822901363, "precision": 0.8311729395074806, "recall": 0.780245296389018, "f1": 0.8048721149978582, "auroc": 0.8158370240807546}, "glove_QDA": {"accuracy": 0.5926659580108138, "auprc": 0.539372283545898, "precision": 0.5729573319287742, "recall": 0.6368114634026858, "f1": 0.5991669228258669, "auroc": 0.5937561280299051}}