{"twitter_L1 Log Reg": {"accuracy": 0.8593500263500349, "auprc": 0.8009597542003224, "precision": 0.8553022732682182, "recall": 0.8537178199494206, "f1": 0.8544712047235761, "auroc": 0.8591786692958319}, "twitter_L2 Log Reg": {"accuracy": 0.8592370983584587, "auprc": 0.8008081461048068, "precision": 0.8551389306438761, "recall": 0.8536807799694797, "f1": 0.8543665738460682, "auroc": 0.8590735662840672}, "twitter_KNN-3": {"accuracy": 0.8336420535327778, "auprc": 0.7996873131799432, "precision": 0.9273176666466535, "recall": 0.7120864061944527, "f1": 0.8054995690368122, "auroc": 0.8298876730856035}, "twitter_KNN-5": {"accuracy": 0.8327610396336574, "auprc": 0.8014743464980588, "precision": 0.9360046266747067, "recall": 0.7024081776615808, "f1": 0.8025059064561317, "auroc": 0.8287107579201081}, "twitter_KNN-10": {"accuracy": 0.80662351480578, "auprc": 0.7799877289492512, "precision": 0.952539238020071, "recall": 0.6318254903095274, "f1": 0.7596625518725191, "auroc": 0.8011663144950771}, "twitter_Linear SVM": {"accuracy": 0.8597792976610783, "auprc": 0.801106086921814, "precision": 0.8545166537365887, "recall": 0.8559305161234354, "f1": 0.8551793300465931, "auroc": 0.8596763794613989}, "twitter_RBF SVM": {"accuracy": 0.8928971983222127, "auprc": 0.8432163743644205, "precision": 0.8859896301443829, "recall": 0.8936025837295076, "f1": 0.8897588779064577, "auroc": 0.8929256227656989}, "twitter_MLP": {"accuracy": 0.9052772898425235, "auprc": 0.8656825832914589, "precision": 0.9137871843209595, "recall": 0.8881012697265159, "f1": 0.9007130653839932, "auroc": 0.9047704110642817}, "twitter_Naive Bayes": {"accuracy": 0.8233628911688953, "auprc": 0.7565994492679723, "precision": 0.817439996702684, "recall": 0.8174986624102283, "f1": 0.8174225905259899, "auroc": 0.8231735430678961}, "twitter_QDA": {"accuracy": 0.5697388707976595, "auprc": 0.5258812921267761, "precision": 0.5521783956692066, "recall": 0.6520968398816204, "f1": 0.5909798067854511, "auroc": 0.5727930977002169}}