{"fasttext_L1 Log Reg": {"accuracy": 0.888221284356735, "auprc": 0.837441757275361, "precision": 0.8823257246663042, "recall": 0.8873244432306547, "f1": 0.8848061311780434, "auroc": 0.8881928293249244}, "fasttext_L2 Log Reg": {"accuracy": 0.8889215430392579, "auprc": 0.8379546999598352, "precision": 0.8819563820595914, "recall": 0.889454400672334, "f1": 0.8856757505974271, "auroc": 0.8889336648047218}, "fasttext_KNN-3": {"accuracy": 0.8484389888241761, "auprc": 0.8153079139095942, "precision": 0.9306027141875383, "recall": 0.7419929819777128, "f1": 0.8256192292955757, "auroc": 0.8451191926576014}, "fasttext_KNN-5": {"accuracy": 0.8449375423027021, "auprc": 0.8145675228383199, "precision": 0.9388114347191117, "recall": 0.7268947685411191, "f1": 0.8193352851445687, "auroc": 0.8412652909077314}, "fasttext_KNN-10": {"accuracy": 0.8136719730454913, "auprc": 0.7884872545538107, "precision": 0.9569691446256489, "recall": 0.6438303799063373, "f1": 0.7697215214753121, "auroc": 0.8083807991290086}, "fasttext_Linear SVM": {"accuracy": 0.8884020089515605, "auprc": 0.8370169863360838, "precision": 0.8807059988784817, "recall": 0.8898901490565458, "f1": 0.8852584671720025, "auroc": 0.8884512306751878}, "fasttext_RBF SVM": {"accuracy": 0.9169791091126209, "auprc": 0.8745329231020035, "precision": 0.9071601856287017, "recall": 0.9229215188172823, "f1": 0.9149402957178866, "auroc": 0.9171957535542813}, "fasttext_MLP": {"accuracy": 0.9334250574489961, "auprc": 0.9036887818989268, "precision": 0.9391679539793326, "recall": 0.9220892360472126, "f1": 0.9305220295543952, "auroc": 0.933110387470643}, "fasttext_Naive Bayes": {"accuracy": 0.8256674091765899, "auprc": 0.7592220487812196, "precision": 0.8194365545250151, "recall": 0.8205312538086937, "f1": 0.8199371167862244, "auroc": 0.825534572756643}, "fasttext_QDA": {"accuracy": 0.5392861003387687, "auprc": 0.5076064506828526, "precision": 0.5231182576185245, "recall": 0.6604303413136645, "f1": 0.5734063368610665, "auroc": 0.5435631309045725}}