{"flair-multi-forward_L1 Log Reg": {"accuracy": 0.8779651393581535, "auprc": 0.8225118899251408, "precision": 0.8676981835196351, "recall": 0.8822651116989523, "f1": 0.8748986728862815, "auroc": 0.8780978102931547}, "flair-multi-forward_L2 Log Reg": {"accuracy": 0.8684545834719394, "auprc": 0.8108298462656564, "precision": 0.859489002462856, "recall": 0.8703805054567528, "f1": 0.8648781205776516, "auroc": 0.8685368673458781}, "flair-multi-forward_KNN-3": {"accuracy": 0.7336109418124067, "auprc": 0.6912867147411782, "precision": 0.8856679699386432, "recall": 0.5161195208662624, "f1": 0.6521138487154816, "auroc": 0.7268184094533718}, "flair-multi-forward_KNN-5": {"accuracy": 0.7236934225760647, "auprc": 0.6842113674202138, "precision": 0.8979858341899254, "recall": 0.48385536562723264, "f1": 0.6288132712348021, "auroc": 0.7161843859765058}, "flair-multi-forward_KNN-10": {"accuracy": 0.6856506172175404, "auprc": 0.6504367734771258, "precision": 0.9155744229820041, "recall": 0.3858395515061034, "f1": 0.5427746384935367, "auroc": 0.676287550011693}, "flair-multi-forward_Linear SVM": {"accuracy": 0.8805630190454152, "auprc": 0.8236379858440053, "precision": 0.8640535392956133, "recall": 0.8936889803262155, "f1": 0.8786026171096111, "auroc": 0.880981649305357}, "flair-multi-forward_RBF SVM": {"accuracy": 0.8733567208818334, "auprc": 0.8132605756239955, "precision": 0.8533767623193972, "recall": 0.8913890238289216, "f1": 0.8719493920652445, "auroc": 0.8739302353050273}, "flair-multi-forward_MLP": {"accuracy": 0.9210907148560812, "auprc": 0.8853608195576627, "precision": 0.9242097170359138, "recall": 0.9118394168895186, "f1": 0.9178885347815511, "auroc": 0.9208610544556395}, "flair-multi-forward_Naive Bayes": {"accuracy": 0.7700493041151273, "auprc": 0.7021577449637404, "precision": 0.7882004984703231, "recall": 0.7173005600229512, "f1": 0.7510533629714199, "auroc": 0.7683463035310092}, "flair-multi-forward_QDA": {"accuracy": 0.917792617315326, "auprc": 0.8711484767943775, "precision": 0.8966728354073747, "recall": 0.9381809934951397, "f1": 0.9169381625138063, "auroc": 0.9184304424706189}}