{"bert_L1 Log Reg": {"accuracy": 0.9275517505395301, "auprc": 0.890372167912623, "precision": 0.9209067327828275, "recall": 0.9301445342726439, "f1": 0.9254913879966038, "auroc": 0.9276095072017982}, "bert_L2 Log Reg": {"accuracy": 0.9275968462024563, "auprc": 0.8904368207680156, "precision": 0.9209826653009028, "recall": 0.9301413300997563, "f1": 0.9255284288717162, "auroc": 0.9276566783221858}, "bert_KNN-3": {"accuracy": 0.8746445654367365, "auprc": 0.8490096177218307, "precision": 0.9515045659553222, "recall": 0.7807581175327181, "f1": 0.8576873060448316, "auroc": 0.8717283673110037}, "bert_KNN-5": {"accuracy": 0.8724531540476216, "auprc": 0.8485952153786782, "precision": 0.9567133744124844, "recall": 0.7713201726491522, "f1": 0.8540374344730474, "auroc": 0.8693177387991785}, "bert_KNN-10": {"accuracy": 0.845841313282061, "auprc": 0.8244846487123338, "precision": 0.9662573891461026, "recall": 0.7060834608434352, "f1": 0.8158949777200837, "auroc": 0.8414849660281698}, "bert_Linear SVM": {"accuracy": 0.9288167614597646, "auprc": 0.8916902118058347, "precision": 0.9210446651549665, "recall": 0.9328592407739478, "f1": 0.9269061707358045, "auroc": 0.9289188238490104}, "bert_RBF SVM": {"accuracy": 0.9385760324819428, "auprc": 0.9039499028481274, "precision": 0.9273727168579337, "recall": 0.9471920807304561, "f1": 0.9371630102148494, "auroc": 0.9388459211418217}, "bert_MLP": {"accuracy": 0.9514980119835243, "auprc": 0.9276185521650465, "precision": 0.952372273046383, "recall": 0.9472198127718388, "f1": 0.949765176437843, "auroc": 0.9513115569779511}, "bert_Naive Bayes": {"accuracy": 0.8587403519727719, "auprc": 0.7932934709243573, "precision": 0.8338672439132161, "recall": 0.8841157118106263, "f1": 0.8582292540085676, "auroc": 0.8595399030896964}, "bert_QDA": {"accuracy": 0.9405413173955856, "auprc": 0.9067391785227719, "precision": 0.9294089833708175, "recall": 0.9491303589954742, "f1": 0.9391603383840014, "auroc": 0.9407998746495612}}