{"elmo_L1 Log Reg": {"accuracy": 0.9425294155293825, "auprc": 0.9131438519248235, "precision": 0.9398099926956155, "recall": 0.9415123432467961, "f1": 0.9406480096492782, "auroc": 0.9425049895040296}, "elmo_L2 Log Reg": {"accuracy": 0.9406769259129701, "auprc": 0.9096452545830479, "precision": 0.9359360325915832, "recall": 0.9418475229824088, "f1": 0.9388614017419682, "auroc": 0.9407370852926931}, "elmo_KNN-3": {"accuracy": 0.8946370661647689, "auprc": 0.862894552206728, "precision": 0.9342626686431345, "recall": 0.8415145439593903, "f1": 0.8854325809635366, "auroc": 0.8930141084492533}, "elmo_KNN-5": {"accuracy": 0.8959699298281679, "auprc": 0.8655127493697273, "precision": 0.9377711058929086, "recall": 0.840821443116537, "f1": 0.8866175142499474, "auroc": 0.8942597225430621}, "elmo_KNN-10": {"accuracy": 0.8804952887893387, "auprc": 0.8549414287097514, "precision": 0.9515658795757597, "recall": 0.7934211156030968, "f1": 0.86527914048038, "auroc": 0.8777791928445675}}