{"flair-news-forward_L1 Log Reg": {"accuracy": 0.8946144877115338, "auprc": 0.8456945972975488, "precision": 0.8881819311499355, "recall": 0.8948736048368884, "f1": 0.8914952835586636, "auroc": 0.8946517691734931}, "flair-news-forward_L2 Log Reg": {"accuracy": 0.8917905121705723, "auprc": 0.8416397455733364, "precision": 0.8844996664911313, "recall": 0.8929780483807062, "f1": 0.8887061735380287, "auroc": 0.8918308045106429}, "flair-news-forward_KNN-3": {"accuracy": 0.8347038022339806, "auprc": 0.7999137220632415, "precision": 0.9249224080049501, "recall": 0.7165876063817211, "f1": 0.8074552653139202, "auroc": 0.8310330129818922}, "flair-news-forward_KNN-5": {"accuracy": 0.8311573263967535, "auprc": 0.7984967341627586, "precision": 0.9317775351937166, "recall": 0.7024485747650171, "f1": 0.8009792908583769, "auroc": 0.8271365678806454}, "flair-news-forward_KNN-10": {"accuracy": 0.8084310924898981, "auprc": 0.7802225978205062, "precision": 0.9468870612432987, "recall": 0.639978584990759, "f1": 0.7637038924190632, "auroc": 0.8031907686241244}, "flair-news-forward_Linear SVM": {"accuracy": 0.8961054771020086, "auprc": 0.8463536702937645, "precision": 0.8860402656108397, "recall": 0.9012407076501529, "f1": 0.893559054756176, "auroc": 0.8962880051763648}, "flair-news-forward_RBF SVM": {"accuracy": 0.901775695315818, "auprc": 0.8529671612531473, "precision": 0.8893191329153398, "recall": 0.9103084467153003, "f1": 0.8996768229905348, "auroc": 0.9020510720471281}, "flair-news-forward_MLP": {"accuracy": 0.926151074961996, "auprc": 0.8927301854654482, "precision": 0.9301609730728018, "recall": 0.9161788426719752, "f1": 0.9230567440807093, "auroc": 0.9258753247199565}, "flair-news-forward_Naive Bayes": {"accuracy": 0.7690325387970195, "auprc": 0.7069809500890151, "precision": 0.8120244138987189, "recall": 0.680052379934554, "f1": 0.7401359508164453, "auroc": 0.7662546782968175}, "flair-news-forward_QDA": {"accuracy": 0.8849907282377956, "auprc": 0.8378030292833369, "precision": 0.8920106061104253, "recall": 0.8671949659852836, "f1": 0.8794127309632813, "auroc": 0.8844432034584168}}