{"flair-news-backward_L1 Log Reg": {"accuracy": 0.8820763266040629, "auprc": 0.8284739458652458, "precision": 0.8736532140827833, "recall": 0.8840461308546821, "f1": 0.8788098317347425, "auroc": 0.8821240952232777}, "flair-news-backward_L2 Log Reg": {"accuracy": 0.8750506407554758, "auprc": 0.8190959104857415, "precision": 0.865748577108986, "recall": 0.8777848438608498, "f1": 0.8717135339130563, "auroc": 0.8751182431646344}, "flair-news-backward_KNN-3": {"accuracy": 0.8097636397283197, "auprc": 0.7681189272383385, "precision": 0.9003694813676448, "recall": 0.6823353136557484, "f1": 0.7762743027828314, "auroc": 0.8058309823982439}, "flair-news-backward_KNN-5": {"accuracy": 0.8084531860984097, "auprc": 0.7688261731327499, "precision": 0.9071027581742612, "recall": 0.6730610872109405, "f1": 0.7726739396538678, "auroc": 0.8042785720342831}, "flair-news-backward_KNN-10": {"accuracy": 0.7786787950659343, "auprc": 0.7439867982825987, "precision": 0.9235148279503915, "recall": 0.5915559571294937, "f1": 0.7211078746683316, "auroc": 0.7728608238039155}, "flair-news-backward_Linear SVM": {"accuracy": 0.8815567669982223, "auprc": 0.8263959896877873, "precision": 0.869170139572533, "recall": 0.888949946191077, "f1": 0.8789330344372427, "auroc": 0.8817754443821668}, "flair-news-backward_RBF SVM": {"accuracy": 0.8890568708570654, "auprc": 0.8351619747752892, "precision": 0.8738657561957801, "recall": 0.9006700959423938, "f1": 0.8870457181244431, "auroc": 0.8894374925871485}, "flair-news-backward_MLP": {"accuracy": 0.9226494345026325, "auprc": 0.8874396478993442, "precision": 0.925697271443094, "recall": 0.9134480910341921, "f1": 0.9194956821980945, "auroc": 0.9223723027129965}, "flair-news-backward_Naive Bayes": {"accuracy": 0.7373827785808055, "auprc": 0.6754044430532585, "precision": 0.7943502446685188, "recall": 0.6168411935319965, "f1": 0.6943881395355188, "auroc": 0.7336202349557347}, "flair-news-backward_QDA": {"accuracy": 0.8878595493638786, "auprc": 0.8418867212192044, "precision": 0.8954644408298693, "recall": 0.8697594116925691, "f1": 0.8824002082791583, "auroc": 0.8873210499038535}}