{"elmo_L1 Log Reg": {"accuracy": 0.9424616597551626, "auprc": 0.9130725810875135, "precision": 0.9397981065962554, "recall": 0.941376044748715, "f1": 0.9405729479943933, "auroc": 0.9424395161452965}, "elmo_L2 Log Reg": {"accuracy": 0.9399088808344557, "auprc": 0.908850546739529, "precision": 0.9358471370476311, "recall": 0.9402660479324995, "f1": 0.9380344548032772, "auroc": 0.9399355232635486}, "elmo_KNN-3": {"accuracy": 0.8946370661647689, "auprc": 0.862894552206728, "precision": 0.9342626686431345, "recall": 0.8415145439593903, "f1": 0.8854325809635366, "auroc": 0.8930141084492533}, "elmo_KNN-5": {"accuracy": 0.8959699298281679, "auprc": 0.8655127493697273, "precision": 0.9377711058929086, "recall": 0.840821443116537, "f1": 0.8866175142499474, "auroc": 0.8942597225430621}, "elmo_KNN-10": {"accuracy": 0.8804952887893387, "auprc": 0.8549414287097514, "precision": 0.9515658795757597, "recall": 0.7934211156030968, "f1": 0.86527914048038, "auroc": 0.8777791928445675}}