{"bert_L1 Log Reg": {"accuracy": 0.9275065630112881, "auprc": 0.8902909279210179, "precision": 0.9208179789890835, "recall": 0.9301447331133584, "f1": 0.9254474454330961, "auroc": 0.9275667984029775}, "bert_L2 Log Reg": {"accuracy": 0.9275742932673644, "auprc": 0.8903990989661503, "precision": 0.9209432201620263, "recall": 0.9301387574642688, "f1": 0.9255074192550865, "auroc": 0.9276319024374249}, "bert_KNN-3": {"accuracy": 0.8746445654367365, "auprc": 0.8490096177218307, "precision": 0.9515045659553222, "recall": 0.7807581175327181, "f1": 0.8576873060448316, "auroc": 0.8717283673110037}, "bert_KNN-5": {"accuracy": 0.8724531540476216, "auprc": 0.8485952153786782, "precision": 0.9567133744124844, "recall": 0.7713201726491522, "f1": 0.8540374344730474, "auroc": 0.8693177387991785}, "bert_KNN-10": {"accuracy": 0.845841313282061, "auprc": 0.8244846487123338, "precision": 0.9662573891461026, "recall": 0.7060834608434352, "f1": 0.8158949777200837, "auroc": 0.8414849660281698}, "bert_Linear SVM": {"accuracy": 0.9288167614597646, "auprc": 0.8916902118058347, "precision": 0.9210446651549665, "recall": 0.9328592407739478, "f1": 0.9269061707358045, "auroc": 0.9289188238490104}, "bert_RBF SVM": {"accuracy": 0.9385760324819428, "auprc": 0.9039499028481274, "precision": 0.9273727168579337, "recall": 0.9471920807304561, "f1": 0.9371630102148494, "auroc": 0.9388459211418217}, "bert_MLP": {"accuracy": 0.9506394642578085, "auprc": 0.9265281430372634, "precision": 0.9518648290728808, "recall": 0.9458900615154127, "f1": 0.9488413345790425, "auroc": 0.9504718747285542}, "bert_Naive Bayes": {"accuracy": 0.8587403519727719, "auprc": 0.7932934709243573, "precision": 0.8338672439132161, "recall": 0.8841157118106263, "f1": 0.8582292540085676, "auroc": 0.8595399030896964}, "bert_QDA": {"accuracy": 0.9405413173955856, "auprc": 0.9067391785227719, "precision": 0.9294089833708175, "recall": 0.9491303589954742, "f1": 0.9391603383840014, "auroc": 0.9407998746495612}}