{"flair-news-backward_L1 Log Reg": {"accuracy": 0.8821441078964263, "auprc": 0.8285320572265806, "precision": 0.8736362383840228, "recall": 0.8842350209445099, "f1": 0.8788941391293236, "auroc": 0.8821979673912319}, "flair-news-backward_L2 Log Reg": {"accuracy": 0.8791395302477272, "auprc": 0.8245010216687341, "precision": 0.8702422448794145, "recall": 0.8815813621058686, "f1": 0.8758612895887528, "auroc": 0.8792151566199882}, "flair-news-backward_KNN-3": {"accuracy": 0.8097636397283197, "auprc": 0.7681189272383385, "precision": 0.9003694813676448, "recall": 0.6823353136557484, "f1": 0.7762743027828314, "auroc": 0.8058309823982439}, "flair-news-backward_KNN-5": {"accuracy": 0.8084531860984097, "auprc": 0.7688261731327499, "precision": 0.9071027581742612, "recall": 0.6730610872109405, "f1": 0.7726739396538678, "auroc": 0.8042785720342831}, "flair-news-backward_KNN-10": {"accuracy": 0.7786787950659343, "auprc": 0.7439867982825987, "precision": 0.9235148279503915, "recall": 0.5915559571294937, "f1": 0.7211078746683316, "auroc": 0.7728608238039155}, "flair-news-backward_Linear SVM": {"accuracy": 0.8850131535821706, "auprc": 0.8312609079121772, "precision": 0.8737588137639983, "recall": 0.8910003350696094, "f1": 0.8822806565048575, "auroc": 0.8851969840148077}, "flair-news-backward_RBF SVM": {"accuracy": 0.8890568708570654, "auprc": 0.8351619747752892, "precision": 0.8738657561957801, "recall": 0.9006700959423938, "f1": 0.8870457181244431, "auroc": 0.8894374925871485}, "flair-news-backward_MLP": {"accuracy": 0.9213390319090091, "auprc": 0.885525586587925, "precision": 0.9242972305351034, "recall": 0.9120223613164352, "f1": 0.9181035641138283, "auroc": 0.9210190766411456}, "flair-news-backward_Naive Bayes": {"accuracy": 0.7374279610054189, "auprc": 0.6754472004825971, "precision": 0.7943743988745594, "recall": 0.6169330545798748, "f1": 0.6944552836903537, "auroc": 0.7336661654796738}, "flair-news-backward_QDA": {"accuracy": 0.6106725245436054, "auprc": 0.5533456932989745, "precision": 0.5916804785727915, "recall": 0.6712450558248559, "f1": 0.6228247163119189, "auroc": 0.6131032745261847}}