{"flair-news-forward_L1 Log Reg": {"accuracy": 0.8945467166264279, "auprc": 0.8455955705178738, "precision": 0.8880939727250514, "recall": 0.8948249056376996, "f1": 0.8914272338113507, "auroc": 0.8945838355853016}, "flair-news-forward_L2 Log Reg": {"accuracy": 0.8945013913002116, "auprc": 0.8454445521367928, "precision": 0.8878008121272337, "recall": 0.8950906291745696, "f1": 0.8914181294656173, "auroc": 0.8945340974016496}, "flair-news-forward_KNN-3": {"accuracy": 0.8347038022339806, "auprc": 0.7999137220632415, "precision": 0.9249224080049501, "recall": 0.7165876063817211, "f1": 0.8074552653139202, "auroc": 0.8310330129818922}, "flair-news-forward_KNN-5": {"accuracy": 0.8311573263967535, "auprc": 0.7984967341627586, "precision": 0.9317775351937166, "recall": 0.7024485747650171, "f1": 0.8009792908583769, "auroc": 0.8271365678806454}, "flair-news-forward_KNN-10": {"accuracy": 0.8084310924898981, "auprc": 0.7802225978205062, "precision": 0.9468870612432987, "recall": 0.639978584990759, "f1": 0.7637038924190632, "auroc": 0.8031907686241244}, "flair-news-forward_Linear SVM": {"accuracy": 0.8975285984384325, "auprc": 0.8485189729325209, "precision": 0.8882401002127794, "recall": 0.9016978263416275, "f1": 0.8949038638243515, "auroc": 0.8976809444344539}, "flair-news-forward_RBF SVM": {"accuracy": 0.901775695315818, "auprc": 0.8529671612531473, "precision": 0.8893191329153398, "recall": 0.9103084467153003, "f1": 0.8996768229905348, "auroc": 0.9020510720471281}, "flair-news-forward_MLP": {"accuracy": 0.9282067859684098, "auprc": 0.8960842488005666, "precision": 0.9330890645047216, "recall": 0.9175329318357679, "f1": 0.9251972259322582, "auroc": 0.9279395019647003}, "flair-news-forward_Naive Bayes": {"accuracy": 0.769122898542618, "auprc": 0.7070710463579994, "precision": 0.8120660161952902, "recall": 0.6802393277118852, "f1": 0.7402640872168627, "auroc": 0.766348152185483}, "flair-news-forward_QDA": {"accuracy": 0.6243385212399245, "auprc": 0.5634103628407164, "precision": 0.566600268644817, "recall": 0.9636006615014561, "f1": 0.7131330089063549, "auroc": 0.635203173822356}}