{"twitter_L1 Log Reg": {"accuracy": 0.8593274376895422, "auprc": 0.8009490165924124, "precision": 0.8553313432381626, "recall": 0.8536256690666393, "f1": 0.8544380070287266, "auroc": 0.8591549446027805}, "twitter_L2 Log Reg": {"accuracy": 0.8593048592363074, "auprc": 0.8008974773414325, "precision": 0.8552242333287593, "recall": 0.8537244269228218, "f1": 0.8544318745547749, "auroc": 0.8591383457931003}, "twitter_KNN-3": {"accuracy": 0.8336420535327778, "auprc": 0.7996873131799432, "precision": 0.9273176666466535, "recall": 0.7120864061944527, "f1": 0.8054995690368122, "auroc": 0.8298876730856035}, "twitter_KNN-5": {"accuracy": 0.8327610396336574, "auprc": 0.8014743464980588, "precision": 0.9360046266747067, "recall": 0.7024081776615808, "f1": 0.8025059064561317, "auroc": 0.8287107579201081}, "twitter_KNN-10": {"accuracy": 0.80662351480578, "auprc": 0.7799877289492512, "precision": 0.952539238020071, "recall": 0.6318254903095274, "f1": 0.7596625518725191, "auroc": 0.8011663144950771}, "twitter_Linear SVM": {"accuracy": 0.8598696523030481, "auprc": 0.8012145985507988, "precision": 0.854609464573579, "recall": 0.8560163321918868, "f1": 0.855268030018993, "auroc": 0.8597624857397117}, "twitter_RBF SVM": {"accuracy": 0.8928971983222127, "auprc": 0.8432163743644205, "precision": 0.8859896301443829, "recall": 0.8936025837295076, "f1": 0.8897588779064577, "auroc": 0.8929256227656989}, "twitter_MLP": {"accuracy": 0.9065196712732361, "auprc": 0.8675521027166992, "precision": 0.9155258975203333, "recall": 0.8888510389286107, "f1": 0.9019465736242689, "auroc": 0.9060141025497892}, "twitter_Naive Bayes": {"accuracy": 0.8232273694131982, "auprc": 0.7565880544096657, "precision": 0.8178144052388203, "recall": 0.8165675936597022, "f1": 0.8171405831856088, "auroc": 0.8230135481728095}, "twitter_QDA": {"accuracy": 0.8725880123315918, "auprc": 0.8196195656595853, "precision": 0.8736290349025777, "recall": 0.8613733337515012, "f1": 0.8674114478230728, "auroc": 0.8722527832422454}}