{"glove_L1 Log Reg": {"accuracy": 0.8516467725519907, "auprc": 0.7914632812612062, "precision": 0.8478672546139887, "recall": 0.8450186922862134, "f1": 0.8464216408128082, "auroc": 0.8514417933058123}, "glove_L2 Log Reg": {"accuracy": 0.851307917126461, "auprc": 0.7910381872514786, "precision": 0.8475018643482664, "recall": 0.8446919285524255, "f1": 0.8460782247741996, "auroc": 0.851098670487862}, "glove_KNN-3": {"accuracy": 0.857904678710754, "auprc": 0.8184138809341359, "precision": 0.9114927539833086, "recall": 0.782327747862976, "f1": 0.8419533894023704, "auroc": 0.8555515145576349}, "glove_KNN-5": {"accuracy": 0.8598248271324416, "auprc": 0.8227999323953885, "precision": 0.9189478052760865, "recall": 0.7790111658119974, "f1": 0.8431875276032302, "auroc": 0.8573224448080137}, "glove_KNN-10": {"accuracy": 0.8418651680507537, "auprc": 0.8099739322450453, "precision": 0.9341767245543044, "recall": 0.7241708976176742, "f1": 0.8158588215627546, "auroc": 0.8381931635237867}, "glove_Linear SVM": {"accuracy": 0.8520081962234984, "auprc": 0.7917336506551943, "precision": 0.8476313660126132, "recall": 0.8462855967852173, "f1": 0.8469414408294582, "auroc": 0.8518287525387864}, "glove_RBF SVM": {"accuracy": 0.8953822878158724, "auprc": 0.8475036346709246, "precision": 0.8910378081766993, "recall": 0.8930365069947429, "f1": 0.8920120162987372, "auroc": 0.8953251508129842}, "glove_MLP": {"accuracy": 0.9059548016520651, "auprc": 0.8662539503280462, "precision": 0.9137038459195805, "recall": 0.8896983082189202, "f1": 0.9014701049887014, "auroc": 0.9054872648963952}, "glove_Naive Bayes": {"accuracy": 0.8168796598043617, "auprc": 0.7549107999938827, "precision": 0.8315744439131375, "recall": 0.7794524986452468, "f1": 0.8046391012578195, "auroc": 0.8157226540042887}, "glove_QDA": {"accuracy": 0.8624903247959494, "auprc": 0.812630786689447, "precision": 0.881236642406936, "recall": 0.8273480602676665, "f1": 0.8534001216443432, "auroc": 0.861426179977631}}