{"elmo_L1 Log Reg": {"accuracy": 0.9423938733591706, "auprc": 0.9129491067731695, "precision": 0.9396714600328503, "recall": 0.9413722600614909, "f1": 0.9405081541469865, "auroc": 0.9423691872800747}, "elmo_L2 Log Reg": {"accuracy": 0.940044351553866, "auprc": 0.909222578362991, "precision": 0.9364603865851648, "recall": 0.9398239111542388, "f1": 0.9381271178211105, "auroc": 0.9400455263089336}, "elmo_KNN-3": {"accuracy": 0.8946370661647689, "auprc": 0.862894552206728, "precision": 0.9342626686431345, "recall": 0.8415145439593903, "f1": 0.8854325809635366, "auroc": 0.8930141084492533}, "elmo_KNN-5": {"accuracy": 0.8959699298281679, "auprc": 0.8655127493697273, "precision": 0.9377711058929086, "recall": 0.840821443116537, "f1": 0.8866175142499474, "auroc": 0.8942597225430621}, "elmo_KNN-10": {"accuracy": 0.8804952887893387, "auprc": 0.8549414287097514, "precision": 0.9515658795757597, "recall": 0.7934211156030968, "f1": 0.86527914048038, "auroc": 0.8777791928445675}, "elmo_Linear SVM": {"accuracy": 0.9393892089487844, "auprc": 0.909742046330997, "precision": 0.9393248265501084, "recall": 0.9350830909842122, "f1": 0.9371794725582931, "auroc": 0.939252998288093}, "elmo_RBF SVM": {"accuracy": 0.9454888209607255, "auprc": 0.9145146858222424, "precision": 0.9360325971823504, "recall": 0.952385317517896, "f1": 0.9441317986535035, "auroc": 0.9457193906863971}, "elmo_MLP": {"accuracy": 0.9568745010565023, "auprc": 0.9355678360367806, "precision": 0.9580651323385148, "recall": 0.9525497879801325, "f1": 0.9552785263952434, "auroc": 0.9567798369791335}, "elmo_Naive Bayes": {"accuracy": 0.8482581672604057, "auprc": 0.7822813572067587, "precision": 0.8287698077701602, "recall": 0.8651382324336625, "f1": 0.84653901741277, "auroc": 0.8487681634744945}, "elmo_QDA": {"accuracy": 0.4992766882267758, "auprc": 0.49077210704480423, "precision": 0.4910980661711223, "recall": 0.9565306175143793, "f1": 0.6488579467600394, "auroc": 0.5137211797464929}}